long,lat,rural_urban,country,haz_new_mean,waz_new_mean,bmi_adult_mean
-3.198924,6.512807,rural,Ghana,-145.875,-76.25,2337.25
-3.003925,6.301475,rural,Ghana,-73.25,-121.25,3069.6666666666665
-2.977985,5.966197,rural,Ghana,-96.125,-51.625,2404.5
-2.940953,7.430862,rural,Ghana,-108.625,-111.25,2098.3333333333335
-2.936622,6.941108,rural,Ghana,-107.5,-28.166666666666668,2071.714285714286
-2.908872,7.509228,rural,Ghana,-272.0,-215.0,2283.0
-2.893164,6.873475,rural,Ghana,-135.75,-113.8125,2510.705882352941
-2.889018,10.639605,urban,Ghana,-29.666666666666668,-56.666666666666664,2321.8
-2.882,5.058389,urban,Ghana,-101.0,-209.5,2797.5
-2.853126,7.64804,rural,Ghana,-28.333333333333332,-39.22222222222222,2325.5
-2.845937,10.697671,rural,Ghana,-169.75,-125.58333333333333,2138.846153846154
-2.841378,10.512106,rural,Ghana,-151.06666666666666,-113.46666666666667,2160.470588235294
-2.830757,5.998991,rural,Ghana,-203.2,-134.0,2274.4
-2.80999,5.834936,urban,Ghana,-140.33333333333334,-117.66666666666667,2293.6666666666665
-2.807766,7.192601,rural,Ghana,-100.0,-74.25,2483.0
-2.792227,6.925463,rural,Ghana,-44.0,-130.0,2244.5
-2.783464,7.225835,urban,Ghana,15.0,-2.5,2501.5
-2.771808,7.578461,urban,Ghana,-91.8,-58.0,2239.2
-2.757826,10.875712,rural,Ghana,-117.125,-118.375,2245.3846153846152
-2.736487,10.992965,urban,Ghana,-185.6,-116.4,2603.5
-2.731316,6.689888,rural,Ghana,-70.5,-67.75,2651.25
-2.730215,10.656033,rural,Ghana,-150.71428571428572,-107.85714285714286,2126.125
-2.727439,5.710898,rural,Ghana,-162.5,-104.25,2345.7
-2.723843,10.221559,rural,Ghana,-158.0,-89.875,2408.125
-2.719455,7.258671,urban,Ghana,-60.0,-66.77777777777777,2036.1
-2.715859,9.772651,rural,Ghana,-99.46666666666667,-57.13333333333333,2154.8125
-2.709933,10.508609,urban,Ghana,-96.66666666666667,-50.166666666666664,2311.0
-2.698749,10.852057,rural,Ghana,-127.33333333333333,-149.5,2209.153846153846
-2.693039,10.602301,rural,Ghana,-147.66666666666666,-123.0,2203.5
-2.691144,7.943569,urban,Ghana,-40.2,8.2,2732.2
-2.668455,10.078764,rural,Ghana,-223.75,-139.75,2244.75
-2.667279,10.535891,rural,Ghana,-102.75,-188.75,1979.75
-2.660867,10.343155,rural,Ghana,-117.83333333333333,-96.0,2301.4285714285716
-2.650605,10.305237,rural,Ghana,-117.0,-92.5,2103.6
-2.62961,5.001826,rural,Ghana,-87.33333333333333,-72.66666666666667,2546.5714285714284
-2.60062,7.964845,rural,Ghana,-115.72727272727273,-121.9090909090909,2350.5
-2.584876,6.401304,urban,Ghana,-75.66666666666667,-67.33333333333333,2329.25
-2.578637,10.492806,rural,Ghana,20.166666666666668,56.166666666666664,2233.714285714286
-2.577528,7.443561,urban,Ghana,-16.75,-12.0,2755.3333333333335
-2.575391,7.431939,urban,Ghana,-201.0,-140.0,2505.0
-2.574573,5.080489,rural,Ghana,-85.63636363636364,-48.0,2654.2727272727275
-2.573745,7.318089,rural,Ghana,-97.57142857142857,-93.28571428571429,2263.5
-2.559438,10.954949,rural,Ghana,-119.41666666666667,-100.66666666666667,2209.5
-2.535703,6.319774,rural,Ghana,-169.5,-55.5,2252.3333333333335
-2.513729,10.05968,urban,Ghana,-110.0,-54.25,2658.75
-2.511215,6.786233,urban,Ghana,-98.5,-42.333333333333336,2349.3333333333335
-2.508054,10.06488,urban,Ghana,-19.857142857142858,48.0,3017.875
-2.505134,8.095318,rural,Ghana,-87.3076923076923,-49.46153846153846,2377.8571428571427
-2.498544,10.071832,urban,Ghana,-65.36363636363636,-65.0,2420.909090909091
-2.496315,10.048304,urban,Ghana,49.333333333333336,95.66666666666667,2538.3333333333335
-2.49094,10.028881,rural,Ghana,-140.25,-50.25,2199.5
-2.489537,10.056536,urban,Ghana,-14.0,-16.25,2506.8
-2.487439,9.877947,rural,Ghana,-99.0,-68.0,2249.3333333333335
-2.484954,10.056925,urban,Ghana,-66.0,-28.0,2230.5
-2.483826,6.555773,rural,Ghana,-28.8,-57.8,2371.6666666666665
-2.469244,5.780835,rural,Ghana,-193.14285714285714,-160.71428571428572,2386.266666666667
-2.46875,6.186395,rural,Ghana,-174.27272727272728,-132.9090909090909,2368.181818181818
-2.43959,9.515618,rural,Ghana,-57.666666666666664,-48.666666666666664,2175.75
-2.435404,6.860922,urban,Ghana,-150.5,-14.0,2067.0
-2.419952,9.49535,urban,Ghana,-87.85714285714286,-51.857142857142854,2905.285714285714
-2.417165,7.96651,urban,Ghana,-98.71428571428571,-98.14285714285714,2613.8571428571427
-2.364563,5.572287,rural,Ghana,116.25,72.75,2841.4
-2.354333,4.946797,urban,Ghana,-176.8,-161.4,2521.6
-2.339623,7.327093,urban,Ghana,7.5,-27.0,2836.0
-2.322997,6.449571,urban,Ghana,-24.166666666666668,-25.166666666666668,2275.5714285714284
-2.318479,7.381131,urban,Ghana,5.2,-53.2,2952.0
-2.316421,4.973827,rural,Ghana,-75.0,-100.5,2793.0
-2.310962,7.348619,urban,Ghana,-81.375,-36.75,2477.5
-2.295507,6.979233,rural,Ghana,-96.5,-39.0,2514.25
-2.287511,6.435504,rural,Ghana,-84.77777777777777,-39.111111111111114,2248.0
-2.237646,7.223636,urban,Ghana,-61.142857142857146,-51.42857142857143,2496.285714285714
-2.231289,5.090064,rural,Ghana,-84.14285714285714,-46.857142857142854,2290.5384615384614
-2.218726,10.296048,rural,Ghana,-134.8,-170.2,2181.181818181818
-2.160132,10.837521,rural,Ghana,-35.0,-96.5,2096.5
-2.141203,5.422805,urban,Ghana,-76.125,-79.75,2722.125
-2.13613,6.286058,rural,Ghana,-64.88888888888889,-29.666666666666668,2453.8888888888887
-2.130236,6.150937,rural,Ghana,-74.7,-78.2,2535.5833333333335
-2.117523,7.349223,rural,Ghana,-164.26666666666668,-114.6,2263.875
-2.115247,5.443927,rural,Ghana,-117.0,-92.0,2851.5
-2.108619,5.817853,rural,Ghana,-108.2,-75.4,2699.5
-2.093907,7.817969,rural,Ghana,-30.5,40.0,2680.0
-2.086953,5.790651,urban,Ghana,-147.66666666666666,-93.0,2320.75
-2.029291,9.225152,rural,Ghana,-72.27272727272727,-34.72727272727273,2302.470588235294
-2.027717,7.18233,urban,Ghana,-72.75,-69.5,2711.0
-2.015509,8.601915,rural,Ghana,-113.41666666666667,-59.083333333333336,2271.846153846154
-2.009094,4.965165,rural,Ghana,-93.71428571428571,-110.35714285714286,2436.5
-2.00342,5.565112,rural,Ghana,103.75,19.25,2475.8
-1.98716,7.526111,rural,Ghana,-85.71428571428571,-74.14285714285714,2731.125
-1.98563,7.456395,urban,Ghana,-85.4,-78.9,2474.7272727272725
-1.985031,5.296669,rural,Ghana,-74.42857142857143,-75.0,2550.5714285714284
-1.984199,10.876137,urban,Ghana,-4.0,11.166666666666666,2801.6666666666665
-1.982582,7.207741,rural,Ghana,-147.875,-120.875,2485.6666666666665
-1.976284,6.69194,rural,Ghana,-247.0,-69.0,2360.0
-1.948946,7.578641,urban,Ghana,-75.88888888888889,-74.88888888888889,2367.222222222222
-1.946618,7.592999,urban,Ghana,-28.9,-8.5,2553.0
-1.944856,7.389343,urban,Ghana,-82.14285714285714,-48.0,2485.4285714285716
-1.942897,10.582851,rural,Ghana,-108.7,-43.0,2282.0833333333335
-1.942044,6.429612,rural,Ghana,-95.5,-76.25,2280.5
-1.932302,7.798392,rural,Ghana,-51.888888888888886,-45.44444444444444,2282.9
-1.924572,5.042225,rural,Ghana,-151.7,-90.1,2799.4
-1.888514,4.972451,urban,Ghana,-114.33333333333333,-72.66666666666667,2332.25
-1.877879,4.907581,rural,Ghana,-83.0,-51.875,2372.7
-1.85373,6.951779,rural,Ghana,-84.625,-43.375,2283.2
-1.851527,8.231822,rural,Ghana,-29.666666666666668,-5.666666666666667,2364.25
-1.818227,4.901685,urban,Ghana,-77.33333333333333,-54.5,2852.3333333333335
-1.813422,4.914878,urban,Ghana,115.4,33.6,3417.2
-1.791241,5.964443,urban,Ghana,-76.4,-10.2,2678.4
-1.790434,4.914374,urban,Ghana,,,
-1.779983,4.906708,urban,Ghana,-80.5,-82.75,3099.6
-1.76782,6.784825,rural,Ghana,-5.0,1.5,3037.6666666666665
-1.765307,10.135949,rural,Ghana,-37.0,-55.75,2439.875
-1.762104,4.935371,urban,Ghana,-10.333333333333334,-19.333333333333332,2935.25
-1.760391,4.915465,urban,Ghana,,,2651.0
-1.754193,4.921209,urban,Ghana,18.75,35.0,2652.75
-1.746236,4.913044,urban,Ghana,-92.33333333333333,-59.888888888888886,2987.1111111111113
-1.735592,8.065865,urban,Ghana,-115.0,-61.111111111111114,2546.3333333333335
-1.728542,4.944987,urban,Ghana,-120.57142857142857,-76.57142857142857,2718.8
-1.727518,5.00325,rural,Ghana,-158.25,-182.75,2054.6
-1.72687,6.845595,urban,Ghana,-65.75,-57.0,3274.75
-1.724579,4.965634,urban,Ghana,-117.8,-60.6,2936.0
-1.721979,4.929656,urban,Ghana,2.0,37.0,2513.6666666666665
-1.714682,6.323633,rural,Ghana,-72.57142857142857,-133.14285714285714,2358.777777777778
-1.714392,4.952203,urban,Ghana,-265.0,-243.0,2237.5
-1.712563,7.935717,rural,Ghana,-130.5,-81.875,2399.222222222222
-1.7049,7.554681,urban,Ghana,61.5,72.5,2693.75
-1.690115,6.684749,urban,Ghana,-104.875,-98.5,2802.125
-1.680057,5.914253,rural,Ghana,-199.0,-98.25,2783.1666666666665
-1.678845,6.202084,urban,Ghana,-52.0,7.0,2950.714285714286
-1.677797,5.011082,urban,Ghana,-125.66666666666667,-97.66666666666667,2829.3333333333335
-1.665748,6.197808,urban,Ghana,,,
-1.664945,6.713187,urban,Ghana,-58.7,-24.5,2910.5555555555557
-1.661488,6.71204,urban,Ghana,,,
-1.656943,6.81362,rural,Ghana,-137.16666666666666,-55.5,2653.0
-1.654097,7.489446,rural,Ghana,-37.0,-64.25,2531.75
-1.653697,6.941448,rural,Ghana,-141.2,-82.0,2109.6
-1.649545,6.676619,urban,Ghana,-49.6,-2.4,2314.1666666666665
-1.642316,7.750271,rural,Ghana,-34.5,-53.666666666666664,2573.5714285714284
-1.636748,6.742562,urban,Ghana,-47.166666666666664,-66.66666666666667,2666.5
-1.632318,6.656801,urban,Ghana,-63.142857142857146,-30.0,3194.3333333333335
-1.630634,6.716656,urban,Ghana,-47.0,-28.0,2650.0
-1.6257,6.716737,urban,Ghana,-78.75,-84.625,2581.4444444444443
-1.618833,6.690752,urban,Ghana,-106.83333333333333,-95.33333333333333,3370.6666666666665
-1.617852,6.603497,rural,Ghana,-57.0,-38.25,3067.2
-1.617306,6.699837,urban,Ghana,-63.5,-97.0,2443.25
-1.616928,6.672275,urban,Ghana,-77.0,44.0,2898.5
-1.613891,6.729737,urban,Ghana,-135.66666666666666,-140.66666666666666,2633.3333333333335
-1.613815,6.743006,urban,Ghana,4.666666666666667,-60.833333333333336,2633.1666666666665
-1.610035,6.736091,urban,Ghana,-42.63636363636363,-11.818181818181818,2565.5714285714284
-1.600494,6.687503,urban,Ghana,-8.5,162.5,3826.0
-1.596987,6.632885,urban,Ghana,-105.5,-119.16666666666667,2572.0
-1.59365,6.693038,urban,Ghana,-106.0,-37.75,2617.0
-1.586704,6.725353,urban,Ghana,-97.33333333333333,-22.666666666666668,2517.0
-1.585132,6.653406,urban,Ghana,-60.0,-40.75,2358.0
-1.583515,6.734884,urban,Ghana,-10.625,-29.75,2902.6666666666665
-1.58225,6.713354,urban,Ghana,-31.75,-34.5,2658.125
-1.56886,6.752605,urban,Ghana,-57.42857142857143,-66.42857142857143,2923.875
-1.552651,5.602788,rural,Ghana,-116.66666666666667,-89.16666666666667,2493.4166666666665
-1.545766,6.674774,urban,Ghana,,,
-1.53921,6.695189,urban,Ghana,-89.75,-51.5,2334.2
-1.514941,7.043135,urban,Ghana,-32.142857142857146,-16.714285714285715,2706.875
-1.511561,6.292803,rural,Ghana,-37.0,3.6,2738.5714285714284
-1.505776,6.99261,rural,Ghana,-46.285714285714285,-59.142857142857146,2217.375
-1.505764,5.098472,urban,Ghana,4.75,25.25,2674.25
-1.477289,5.272675,rural,Ghana,-138.71428571428572,-110.71428571428571,2331.25
-1.459368,6.644632,rural,Ghana,-107.16666666666667,-77.83333333333333,2592.714285714286
-1.45488,6.78661,urban,Ghana,-93.5,-65.9,2528.5454545454545
-1.449998,5.125878,rural,Ghana,-164.63636363636363,-110.0,2517.230769230769
-1.388365,10.525542,rural,Ghana,-70.16666666666667,-90.83333333333333,2373.6666666666665
-1.384966,6.91415,rural,Ghana,-86.0,-44.625,2382.0
-1.362952,5.102428,rural,Ghana,-87.0,-60.0,2739.0
-1.358914,5.923917,rural,Ghana,-140.4,-81.0,2420.0
-1.350747,6.501284,rural,Ghana,-86.0,-129.0,2878.3333333333335
-1.335845,5.26472,urban,Ghana,-123.5,-84.0,2336.9
-1.305518,5.155128,rural,Ghana,-125.0,-152.5,2680.5
-1.300619,5.646403,rural,Ghana,-67.71428571428571,-86.57142857142857,2251.125
-1.279127,5.692909,urban,Ghana,-54.0,-79.27272727272727,2463.1666666666665
-1.274291,7.474597,rural,Ghana,-23.571428571428573,-53.285714285714285,2314.5
-1.268952,6.146214,rural,Ghana,-207.6,-145.6,2124.0
-1.266157,5.112673,urban,Ghana,-98.66666666666667,-82.66666666666667,2878.6666666666665
-1.261326,5.842288,rural,Ghana,-58.76923076923077,-32.15384615384615,2216.0
-1.252088,6.886844,urban,Ghana,-108.5,7.0,2944.5
-1.225796,5.115427,urban,Ghana,-67.66666666666667,-45.333333333333336,2358.0
-1.214181,6.620168,urban,Ghana,-36.857142857142854,-51.285714285714285,3066.8571428571427
-1.210161,10.86813,rural,Ghana,-73.3,-56.8,2111.0
-1.209805,5.129718,urban,Ghana,-123.5,-124.5,2922.0
-1.207492,10.702239,rural,Ghana,-81.45454545454545,-69.0,2202.9166666666665
-1.202616,7.551716,urban,Ghana,-144.44444444444446,-134.77777777777777,2367.222222222222
-1.154177,5.493283,rural,Ghana,-167.8,-136.8,2530.6666666666665
-1.150877,9.139257,urban,Ghana,-122.66666666666667,-72.16666666666667,2186.25
-1.149427,6.017932,urban,Ghana,-101.2,-43.9,2228.0
-1.148764,9.021906,rural,Ghana,-126.66666666666667,-96.88888888888889,2266.777777777778
-1.133755,5.168849,urban,Ghana,-146.2,-60.8,2114.8
-1.101453,9.419258,rural,Ghana,-120.78947368421052,-124.89473684210526,2143.2380952380954
-1.100463,6.584725,rural,Ghana,-188.44444444444446,-121.22222222222223,2158.8
-1.099969,10.970377,urban,Ghana,-83.57142857142857,-86.85714285714286,2248.5714285714284
-1.091933,10.891648,urban,Ghana,-138.0,39.0,3126.0
-1.089189,10.900289,urban,Ghana,-46.714285714285715,-72.71428571428571,2534.5
-1.080814,5.448083,rural,Ghana,-186.2,-168.4,2337.3333333333335
-1.078593,5.700158,rural,Ghana,-198.3,-67.9,2167.1
-1.068575,5.274052,rural,Ghana,-99.33333333333333,-3.8333333333333335,2878.714285714286
-1.062457,6.208105,rural,Ghana,-109.83333333333333,-89.66666666666667,2499.8333333333335
-1.060055,10.779532,rural,Ghana,-172.5,-109.16666666666667,2092.285714285714
-1.05352,10.919104,rural,Ghana,-56.0,-92.375,2308.625
-1.045247,5.907477,urban,Ghana,-75.5,-77.16666666666667,2486.0
-1.03187,5.337116,rural,Ghana,-79.0,-21.0,2533.875
-1.025773,5.256947,urban,Ghana,-99.5,-46.5,2651.0
-0.994889,5.58263,urban,Ghana,-189.5,-169.75,2451.4
-0.99375,10.355624,rural,Ghana,-88.47368421052632,-84.52631578947368,2254.7368421052633
-0.989319,5.899373,urban,Ghana,-41.75,6.25,2936.0
-0.98247,5.212687,rural,Ghana,-122.83333333333333,-92.66666666666667,2509.8571428571427
-0.981517,10.83486,rural,Ghana,-116.28571428571429,-108.85714285714286,2100.875
-0.981075,10.894036,rural,Ghana,-22.0,-99.0,2054.6666666666665
-0.976951,5.411852,urban,Ghana,-97.0,-65.63636363636364,2542.8333333333335
-0.966748,5.850759,rural,Ghana,-105.57142857142857,-84.57142857142857,2260.5714285714284
-0.952127,6.493993,rural,Ghana,-212.5,-157.5,2356.6666666666665
-0.945699,7.861022,rural,Ghana,-129.05555555555554,-91.44444444444444,2270.4444444444443
-0.930594,5.307982,rural,Ghana,-87.57142857142857,-71.71428571428571,2621.375
-0.928049,6.738166,rural,Ghana,-9.833333333333334,-17.333333333333332,2459.4285714285716
-0.908006,6.12759,rural,Ghana,-125.14285714285714,-78.57142857142857,2650.285714285714
-0.893155,9.383568,rural,Ghana,-138.0,-150.0,2498.0
-0.88719,10.921841,rural,Ghana,-32.0,-42.285714285714285,2525.5714285714284
-0.881386,9.600385,rural,Ghana,-121.75,-109.16666666666667,2106.75
-0.879396,6.363533,rural,Ghana,-75.83333333333333,-16.0,2330.5
-0.875165,10.700325,urban,Ghana,-39.2,-64.2,2135.4
-0.870368,9.449875,urban,Ghana,-154.5,-157.5,1826.5
-0.859477,9.409584,urban,Ghana,-250.0,-186.0,2337.0
-0.858898,10.793015,urban,Ghana,-70.8,-94.8,2696.5
-0.858264,10.784772,urban,Ghana,-106.375,-53.625,2488.0
-0.857887,9.404948,urban,Ghana,-176.8,-104.0,2015.6
-0.857472,6.445297,rural,Ghana,-137.3846153846154,-57.0,2314.785714285714
-0.857371,10.775555,urban,Ghana,-35.5,-57.25,2360.125
-0.844709,10.800455,urban,Ghana,-44.142857142857146,-59.142857142857146,2781.2
-0.841807,10.766683,rural,Ghana,-35.0,-79.0,2020.0
-0.838669,9.415356,urban,Ghana,-62.625,-113.75,2451.8
-0.8331,9.413032,urban,Ghana,-166.75,-108.5,2480.6666666666665
-0.829281,9.378788,urban,Ghana,-261.3333333333333,-175.5,2190.1428571428573
-0.82873,6.089821,urban,Ghana,-135.8,-124.0,3127.1666666666665
-0.824637,5.45208,rural,Ghana,-64.0,-75.0,2286.8333333333335
-0.817643,9.619032,urban,Ghana,-86.2,-122.7,2194.2
-0.816451,10.757111,rural,Ghana,-167.8,-112.4,2235.6666666666665
-0.815987,5.300916,rural,Ghana,-123.4,-55.6,2276.4
-0.808439,10.33815,urban,Ghana,-85.44444444444444,-99.88888888888889,2336.0
-0.802209,5.722526,rural,Ghana,-139.8181818181818,-180.72727272727272,2239.9166666666665
-0.795294,6.589175,rural,Ghana,-69.57142857142857,-23.0,2329.875
-0.792792,5.846177,rural,Ghana,-170.6,-117.2,2156.2
-0.790541,10.97048,rural,Ghana,-70.54545454545455,-54.09090909090909,2271.5454545454545
-0.783099,8.130599,urban,Ghana,-95.375,-52.75,2186.625
-0.773147,6.544403,urban,Ghana,-55.0,20.0,2612.75
-0.758292,5.268589,urban,Ghana,-104.0,-142.5,2729.25
-0.754672,6.633223,urban,Ghana,-76.0,-5.0,3297.0
-0.735323,10.761936,rural,Ghana,-71.75,-67.25,2199.7
-0.727644,10.847542,rural,Ghana,-52.8,-30.0,2278.6
-0.725729,5.501529,rural,Ghana,-128.88888888888889,-137.33333333333334,2429.3
-0.707836,5.549864,urban,Ghana,-32.5,47.5,2849.5
-0.706952,5.523954,urban,Ghana,-26.714285714285715,-8.857142857142858,2417.4444444444443
-0.703546,7.689684,rural,Ghana,-151.25,-220.5,2421.25
-0.700474,5.94169,rural,Ghana,-107.8,-27.4,2658.1666666666665
-0.694926,7.729985,urban,Ghana,-50.666666666666664,-77.0,2392.0
-0.688929,8.218042,rural,Ghana,-55.0,-71.5,2595.5
-0.67478,5.649393,rural,Ghana,-149.83333333333334,-70.05555555555556,2372.75
-0.671995,5.861162,urban,Ghana,-105.0,-102.75,2709.25
-0.664253,10.661811,rural,Ghana,-55.1,-53.9,2377.4166666666665
-0.638268,9.903436,rural,Ghana,-123.4,-110.2,2162.0
-0.636008,5.593991,urban,Ghana,-176.33333333333334,-55.333333333333336,2697.5
-0.630286,5.331395,urban,Ghana,-188.5,-190.5,3425.8
-0.620846,5.348056,urban,Ghana,-90.0,-47.0,2260.6666666666665
-0.57891,6.308755,urban,Ghana,,,1832.0
-0.567755,5.57275,rural,Ghana,-13.666666666666666,53.0,2858.6666666666665
-0.564943,5.480611,rural,Ghana,-57.0,-75.4,2399.285714285714
-0.539465,5.80303,rural,Ghana,-96.5,-71.08333333333333,2341.5833333333335
-0.526861,8.463161,rural,Ghana,-107.375,-49.0,2104.9375
-0.523012,5.902272,rural,Ghana,-65.5,-93.83333333333333,2174.5
-0.508271,5.400221,urban,Ghana,-92.0,-95.2,2454.4
-0.504341,10.854313,rural,Ghana,-127.85714285714286,-131.71428571428572,2232.285714285714
-0.485131,10.928104,urban,Ghana,-16.88888888888889,-63.111111111111114,2781.222222222222
-0.478616,5.806579,urban,Ghana,-155.33333333333334,-79.33333333333333,2855.6666666666665
-0.478091,6.204261,rural,Ghana,-68.75,-75.0,2287.5
-0.476786,6.320957,rural,Ghana,-115.5,-123.83333333333333,2403.6666666666665
-0.475788,5.558925,urban,Ghana,-21.875,-42.25,2741.875
-0.471637,5.512898,urban,Ghana,-142.14285714285714,-70.28571428571429,2348.4285714285716
-0.45486,5.544503,urban,Ghana,-131.0,-131.5,2797.5
-0.448016,6.034106,urban,Ghana,13.0,-105.0,2370.5
-0.430897,8.163026,rural,Ghana,-149.875,-115.5,1951.75
-0.425483,6.258214,urban,Ghana,,,
-0.424216,6.573411,rural,Ghana,-88.28571428571429,-26.0,2324.5
-0.413996,5.503744,urban,Ghana,-43.4,-66.8,3186.625
-0.40788,11.056161,rural,Ghana,-113.53333333333333,-126.46666666666667,2053.75
-0.406674,5.541101,urban,Ghana,-55.5,0.5,2669.2
-0.400936,5.793782,rural,Ghana,-118.0,-80.0,2507.3333333333335
-0.394608,6.228707,urban,Ghana,-28.4,13.0,2416.6666666666665
-0.368014,10.485456,urban,Ghana,-128.0,-80.88888888888889,2123.0
-0.363722,6.381571,urban,Ghana,-96.0,-52.0,2829.6666666666665
-0.363479,6.05569,rural,Ghana,-58.0,6.666666666666667,2194.3333333333335
-0.351752,5.621034,rural,Ghana,-81.5,-158.5,2451.6666666666665
-0.343899,5.821611,urban,Ghana,-60.0,-11.666666666666666,2137.5
-0.33625,5.551723,urban,Ghana,-146.33333333333334,-73.33333333333333,2748.8333333333335
-0.335856,10.947618,rural,Ghana,-66.875,-121.375,2036.6
-0.326817,5.522098,urban,Ghana,-128.66666666666666,-52.333333333333336,2529.6666666666665
-0.304783,5.574962,urban,Ghana,-143.75,21.5,2609.25
-0.301361,11.103745,rural,Ghana,-132.5,-105.375,2352.1111111111113
-0.296541,5.625009,urban,Ghana,26.0,9.25,2691.875
-0.291018,5.662976,rural,Ghana,-2.3333333333333335,13.0,2843.0
-0.289417,5.637878,urban,Ghana,-45.833333333333336,-76.16666666666667,2503.0
-0.274369,10.945918,rural,Ghana,-21.5,-61.333333333333336,2137.375
-0.272668,6.099655,urban,Ghana,-58.25,-44.875,2314.8888888888887
-0.267984,5.565136,urban,Ghana,-72.0,-15.5,2439.8333333333335
-0.26139,5.525769,urban,Ghana,-70.0,-54.5,3182.5
-0.260727,6.091042,urban,Ghana,-18.0,11.0,2335.0
-0.259672,5.551625,urban,Ghana,-97.0,-21.666666666666668,2355.3333333333335
-0.258095,5.548993,urban,Ghana,-55.6,-18.6,2604.777777777778
-0.252729,5.616851,urban,Ghana,-296.5,-217.0,2067.0
-0.247692,5.58912,urban,Ghana,-26.571428571428573,-39.857142857142854,2808.25
-0.247119,5.613564,urban,Ghana,-66.6,-50.8,2576.714285714286
-0.244427,11.063808,urban,Ghana,-122.1,-107.3,2573.5454545454545
-0.244404,5.535298,urban,Ghana,-74.75,-0.75,3469.25
-0.240514,5.56768,urban,Ghana,,,
-0.238606,11.059393,urban,Ghana,-98.0,-126.0,1802.0
-0.238301,5.610668,urban,Ghana,9.0,61.5,2840.3333333333335
-0.238172,5.559207,urban,Ghana,12.25,47.5,2848.2
-0.237462,6.083868,urban,Ghana,-68.75,-79.25,2516.0
-0.236346,8.0112,rural,Ghana,-133.85714285714286,-129.28571428571428,2202.5714285714284
-0.232615,6.887179,rural,Ghana,-128.0,-47.625,2384.4545454545455
-0.231829,11.049629,urban,Ghana,-72.125,-141.625,2284.5
-0.226009,5.605954,urban,Ghana,64.0,40.0,3542.0
-0.225328,5.656948,urban,Ghana,58.333333333333336,96.33333333333333,2884.6
-0.22508,10.511629,rural,Ghana,-100.53333333333333,-110.93333333333334,2023.5333333333333
-0.223934,5.59396,urban,Ghana,0.3333333333333333,90.33333333333333,3302.0
-0.217253,5.548626,urban,Ghana,-153.875,-135.875,2807.2
-0.215002,9.925924,urban,Ghana,-182.22222222222223,-153.11111111111111,2171.818181818182
-0.212773,5.944213,rural,Ghana,-56.0,-71.5,2033.5
-0.211581,5.578471,urban,Ghana,15.5,63.75,3132.8
-0.208519,5.540705,urban,Ghana,-76.0,-48.75,3937.5
-0.205406,5.694414,urban,Ghana,-35.25,27.0,2697.3333333333335
-0.203981,8.47173,rural,Ghana,-166.22727272727272,-105.18181818181819,2248.5
-0.194089,5.594471,urban,Ghana,81.0,98.0,2066.0
-0.190803,10.970069,rural,Ghana,-157.0,-128.33333333333334,2286.0
-0.189446,5.587754,urban,Ghana,21.8,55.0,3180.285714285714
-0.179891,5.576186,urban,Ghana,-39.0,-25.5,3112.5
-0.177975,5.678378,urban,Ghana,5.5,-5.0,3057.3333333333335
-0.171512,5.628638,urban,Ghana,-50.333333333333336,-15.166666666666666,3087.5
-0.162382,5.564213,urban,Ghana,,,
-0.151667,5.592808,urban,Ghana,36.4,-21.0,2949.4
-0.151343,5.567143,urban,Ghana,-51.5,-71.125,2212.4444444444443
-0.145988,5.74859,rural,Ghana,42.0,70.66666666666667,2774.2
-0.142805,9.578506,rural,Ghana,-78.53846153846153,-113.23076923076923,2127.153846153846
-0.137746,7.06321,rural,Ghana,-183.33333333333334,-156.0,1841.0
-0.121187,6.085881,rural,Ghana,-130.875,-151.625,2186.0
-0.120333,6.221854,rural,Ghana,-274.6666666666667,-61.666666666666664,2961.5
-0.11056,11.077399,urban,Ghana,-124.83333333333333,-141.0,2006.0
-0.11014,5.603934,urban,Ghana,-130.4,-136.4,2436.4
-0.106487,10.828064,rural,Ghana,-142.2,-111.0,2332.5
-0.105796,5.577422,urban,Ghana,-138.8,-85.2,2467.0
-0.080867,7.041472,urban,Ghana,-69.66666666666667,-26.333333333333332,2380.6666666666665
-0.078959,5.615306,urban,Ghana,-1.3333333333333333,74.33333333333333,2482.0
-0.069306,10.896973,rural,Ghana,-152.26666666666668,-114.53333333333333,2186.133333333333
-0.069205,5.922917,urban,Ghana,19.5,3.5,2703.25
-0.063037,6.260237,rural,Ghana,-158.2,-134.0,2132.5714285714284
-0.048887,8.172638,urban,Ghana,-161.66666666666666,-65.66666666666667,2326.6666666666665
-0.039772,9.011417,rural,Ghana,-144.375,-49.25,2061.5555555555557
-0.035525,5.655886,urban,Ghana,-103.75,-130.5,2777.2
-0.035058,5.6311,urban,Ghana,51.6,36.0,2975.4
-0.032469,5.701733,urban,Ghana,-61.2,-62.0,2954.8
-0.02901,6.08352,urban,Ghana,-55.5,-122.0,2204.5
-0.027497,5.682693,urban,Ghana,61.333333333333336,46.333333333333336,2515.3333333333335
-0.002787,6.922908,rural,Ghana,-94.72727272727273,-75.36363636363636,2224.5833333333335
-0.002687,9.443121,urban,Ghana,-102.75,-25.0,3190.75
0.0,0.0,rural,Ghana,-103.0,-72.58823529411765,2385.9210526315787
0.005823,8.554702,urban,Ghana,-71.57142857142857,-53.642857142857146,2206.875
0.008698,8.101186,rural,Ghana,-111.42857142857143,-79.57142857142857,2125.0
0.022525,5.644931,urban,Ghana,-80.5,-56.5,2493.6666666666665
0.038188,10.554068,rural,Ghana,-77.36363636363636,-70.72727272727273,2127.230769230769
0.039726,6.279927,rural,Ghana,-77.5,-59.5,2541.75
0.041253,5.691434,urban,Ghana,-144.5,-165.5,2649.0
0.045813,9.982461,rural,Ghana,-221.5151515151515,-152.3030303030303,2038.7058823529412
0.055588,6.151921,urban,Ghana,9.6,-37.3,2728.0
0.055815,6.277704,urban,Ghana,-112.6,-63.0,3312.6
0.061775,9.151255,rural,Ghana,-176.52380952380952,-114.9047619047619,2106.8695652173915
0.077,8.807,rural,Ghana,-212.5,-162.5,2103.0555555555557
0.10949,5.710118,urban,Ghana,-85.2,-73.4,2846.0
0.131078,9.712389,rural,Ghana,-106.11111111111111,-33.27777777777778,2211.1666666666665
0.149707,8.054844,rural,Ghana,-37.5,-36.25,2356.3333333333335
0.150627,8.679028,rural,Ghana,-45.5,-41.5,2056.25
0.191132,10.394378,rural,Ghana,-164.3125,-144.625,2047.55
0.231155,5.954047,rural,Ghana,-67.75,-47.25,2598.0
0.254829,7.478531,rural,Ghana,-105.6,-85.1,2174.8
0.280008,6.532596,urban,Ghana,-15.0,45.0,2933.0
0.282171,7.003789,urban,Ghana,-35.875,-44.0,3235.375
0.30372,8.492433,urban,Ghana,-122.5,-106.0,2240.5
0.319177,9.207583,rural,Ghana,-188.42105263157896,-142.21052631578948,2095.2
0.326889,7.16699,rural,Ghana,-92.8,-65.7,2227.8
0.336546,7.310407,urban,Ghana,-219.0,-218.0,1900.0
0.340457,6.953207,rural,Ghana,-67.0,-39.166666666666664,2162.0
0.342165,6.740794,rural,Ghana,-174.0,-157.5,2815.5
0.364739,5.844177,rural,Ghana,-120.0,-61.0,2288.1666666666665
0.376907,9.294792,urban,Ghana,-120.0909090909091,-131.27272727272728,2362.266666666667
0.4043,7.421194,rural,Ghana,-150.0,-27.666666666666668,2153.75
0.423473,8.270915,rural,Ghana,-177.5,-114.9,2100.7
0.430522,6.071222,urban,Ghana,-196.28571428571428,-84.85714285714286,2284.714285714286
0.440938,6.766258,rural,Ghana,-170.0,-123.0,2544.1666666666665
0.462498,6.632147,urban,Ghana,-121.66666666666667,-58.666666666666664,2616.0
0.466223,6.610099,urban,Ghana,-14.666666666666666,-4.833333333333333,2122.0
0.468026,6.977575,rural,Ghana,-101.0,-16.0,2648.0
0.471193,7.137216,urban,Ghana,-47.2,-59.0,2756.3
0.484457,7.150478,urban,Ghana,-163.0,-118.5,2541.0
0.487792,6.615065,rural,Ghana,-106.66666666666667,-114.33333333333333,2326.3333333333335
0.489497,7.136724,rural,Ghana,-81.22222222222223,-64.22222222222223,2722.4444444444443
0.494265,6.632395,urban,Ghana,10.0,108.5,3249.5
0.505151,6.106798,rural,Ghana,19.5,51.0,2648.0
0.513165,6.896419,rural,Ghana,3.5,-83.5,2185.3333333333335
0.516634,7.826809,urban,Ghana,-158.55555555555554,-97.77777777777777,2543.6666666666665
0.583766,6.28701,rural,Ghana,-91.33333333333333,-77.66666666666667,2548.6666666666665
0.695908,6.529877,rural,Ghana,-176.8,-131.4,2214.6
0.732452,6.063825,rural,Ghana,-183.0,1.5,2182.0
0.759471,6.07748,rural,Ghana,-34.0,-75.0,2037.1666666666667
0.762386,6.100357,rural,Ghana,-148.5,-72.07142857142857,2337.133333333333
0.793324,6.125332,urban,Ghana,-91.66666666666667,-78.66666666666667,2621.3333333333335
0.885884,5.85096,rural,Ghana,-16.9,-12.4,3047.8
0.933672,5.798733,urban,Ghana,-166.5,-129.7,2727.1
0.948708,5.807975,urban,Ghana,-56.0,-54.0,2370.5
0.955204,6.140651,rural,Ghana,-35.75,-3.5,2507.5
1.025489,6.090417,urban,Ghana,-140.6,-110.4,2008.6
1.029399,6.084476,urban,Ghana,-128.5,-68.5,2392.8
1.060667,6.144431,rural,Ghana,-111.0,-115.66666666666667,2433.6666666666665
1.122108,6.07586,rural,Ghana,-21.0,-6.5,3424.0
